업소명,소재지,위도,경도
금복용호통닭,부산광역시 중구 중구로33번길 32,129.0261887,35.10110274
소풍경 중구점,부산광역시 중구 비프광장로 21-1,129.0275751,35.09882846
1GA-24-12,부산광역시 중구 중앙대로41번길 9-1,129.035259,35.10106158
닭썸,부산광역시 중구 중구로29번길 36,129.0259737,35.10057273
고집파닭,부산광역시 중구 비프광장로 33-2,129.0288503,35.09906101
오복통닭,부산광역시 중구 부평1길 59,129.0258075,35.10218766
닭다리먹고 맴맴,부산광역시 중구 광복로12번길 5,129.026415,35.09902759
훈춘,부산광역시 중구 흑교로59번길 15-1,129.023262,35.1038768
미스터치킨맨,부산광역시 중구 망양로 277,129.0262982,35.10720432
지코바숯불치킨,부산광역시 중구 중구로 148,129.035153,35.10828272
네네치킨,부산광역시 중구 대청로25번길 4,129.0228735,35.1035105
아닥치킨,부산광역시 중구 대청로 21,129.0221371,35.10339053
꾸지뽕 삼계탕,부산광역시 중구 남포길 28,129.0317936,35.09850413
영주대청점굽네치킨,부산광역시 중구 동영로 24,129.0343512,35.10907379
투윙,부산광역시 중구 중구로33번길 32,129.0261887,35.10110274
미정통닭·강정,부산광역시 중구 흑교로 88-1,129.0245875,35.10373939
교촌치킨 영주대청점,부산광역시 중구 중구로 70-1,129.0290187,35.10372885
쏙닭쏙닭,부산광역시 중구 동광길 77,129.0348634,35.10620296
미진축산,부산광역시 중구 보수대로44번길 6-2,129.023862,35.10098723
BHC대청점,부산광역시 중구 대청로 94-1,129.0302126,35.10272715
브이통닭,부산광역시 중구 부평1길 56,129.0259912,35.10196976
국제통닭,부산광역시 중구 중구로47번길 33-1,129.0260377,35.10217669
시장분식,부산광역시 중구 부평1길 58,129.0259922,35.10205088
지코바,부산광역시 서구 송도해변로 125,129.0206701,35.07811845
닭굽는 마을,부산광역시 서구 천해로 10,129.0177511,35.08322696
신김해통닭,부산광역시 서구 구덕로214번길 10,129.020682,35.10368224
뉴거인통닭,부산광역시 서구 구덕로193번길 25,129.0184562,35.10198831
멕시칸치킨,부산광역시 서구 충무대로 151-2,129.0246824,35.08417808
치치,부산광역시 서구 구덕로296번길 31,129.0192279,35.11110403
처갓집통닭,부산광역시 서구 천마로 192,129.0222994,35.09268046
처갓집양념치킨(송도점),부산광역시 서구 충무대로 34,129.0168149,35.07848441
바보면가,부산광역시 서구 보수대로242번길 2-1,129.0180276,35.11601777
만월집0501,부산광역시 서구 구덕로296번길 40-1,129.0198096,35.11112617
이가네삼계탕,부산광역시 서구 부용로26번길 21,129.0175601,35.10666513
썬더치킨,부산광역시 서구 충무대로 277,129.0240115,35.09540627
동키치킨,부산광역시 서구 보수대로 248-1,129.017636,35.11628247
네네치킨 부민충무점,부산광역시 서구 구덕로124번길 40,129.0228216,35.0984811
지코바숯불치킨,부산광역시 서구 천마로 230-2,129.0226048,35.09605815
치킨신드롬,부산광역시 서구 천마로 93,129.0211362,35.08472184
맘스터치 서대신점,부산광역시 서구 구덕로321번길 10,129.0160631,35.11241964
일삼오칠구,부산광역시 서구 천마로 220,129.0224172,35.09508622
유림찜닭&수유리혼밥왕,부산광역시 서구 구덕로193번길 12-17,129.0191309,35.10244235
바사삭치킨강정 대신부민점,부산광역시 서구 대영로73번길 39,129.0186003,35.11267776
동대신점굽네치킨,부산광역시 서구 대영로85번길 48,129.0195373,35.11303944
칠칠켄터키,부산광역시 서구 송도해변로 131,129.0211833,35.07795187
대신점굽네치킨,부산광역시 서구 구덕로345번길 13,129.0148008,35.11412487
호식이두마리치킨대신점,부산광역시 서구 보수대로 173,129.0217588,35.11085734
티바두마리치킨,부산광역시 서구 보수대로188번길 20,129.0224572,35.11232074
썬더치킨,부산광역시 서구 대영로45번길 43,129.0153267,35.11142527
본스치킨＆명품명가안동찜닭,부산광역시 서구 망양로33번길 21,129.0126679,35.11374612
맥시칸치킨,부산광역시 서구 보수대로 241-1,129.0173743,35.11552749
노랑통닭(대신점),부산광역시 서구 대영로 70-1,129.0189654,35.11028596
네네치킨대신점,부산광역시 서구 망양로 28,129.0136676,35.11298057
용하 옛날통닭,부산광역시 서구 충무대로267번길 15,129.0231228,35.09450336
땅땅치킨 부산역점,부산광역시 동구 중앙대로209번길 6,129.0395744,35.11611407
태화통닭,부산광역시 동구 정공단로 49,129.0558234,35.13664249
만타스시31 부산진역점,부산광역시 동구 중앙대로371번길 8,129.0482304,35.1289745
멕켄치킨,부산광역시 동구 범곡북로 4,129.0552093,35.14176777
두리아,부산광역시 동구 고관로 135,129.0480617,35.13036411
치킨스트롬,부산광역시 동구 고관로 27,129.0463619,35.12786392
맥시칸양념통닭,부산광역시 동구 성북로 59-1,129.0482969,35.13842958
푸드 메이커,부산광역시 동구 초량로13번길 68,129.0387088,35.11619361
제임스통닭,부산광역시 동구 수정공원남로 32,129.0382893,35.12721232
멕켄치킨,부산광역시 동구 조방로49번길 18-1,129.0599271,35.13916658
돈키돈키치킨,부산광역시 동구 대영로243번길 14,129.0376239,35.11283168
두존치킨,부산광역시 동구 고관로29번길 65,129.0391253,35.12306772
돼지꿈 꾸는날,부산광역시 동구 수정공원남로 45-1,129.0396798,35.12784038
패스에이지(PASSAGE),부산광역시 동구 대영로243번길 87,129.0392853,35.11581008
청춘 닭갈비,부산광역시 동구 초량중로 84,129.0395475,35.11917005
굽네치킨,부산광역시 동구 홍곡로 74,129.0426985,35.12538063
멕시칸치킨,부산광역시 동구 성남이로37번길 24,129.0555342,35.13294928
썬더치킨,부산광역시 동구 범곡북로 3,129.0554165,35.14166681
닭선보는날,부산광역시 동구 망양로 877,129.0479954,35.13888289
옛날시골통닭,부산광역시 동구 초량상로 78-1,129.0383451,35.11864854
옛날통닭,부산광역시 동구 중앙대로371번길 40,129.0468148,35.12981604
노랑통닭(동삼점),부산광역시 영도구 동삼로 37,129.0710271,35.07682725
드루와,부산광역시 영도구 태종로 768,129.0808759,35.06786093
썬더치킨 영도2호점,부산광역시 영도구 동삼로 55,129.0702363,35.07840268
호식이두마리치킨 봉래점,부산광역시 영도구 절영로 121-1,129.0429362,35.08553661
마왕족발 영도점,부산광역시 영도구 남항로 6-1,129.0373322,35.08983938
다;비움,부산광역시 영도구 중리로 46-16,129.0690832,35.0749064
페리카나(동삼점),부산광역시 영도구 태종로 688-2,129.0751772,35.07222036
케네디로즈,부산광역시 영도구 웃서발로 79,129.0708811,35.07907303
수림커피비어,부산광역시 영도구 태종로 71,129.0389146,35.09268326
서민통닭,부산광역시 영도구 동삼서로 46,129.0696702,35.08290568
교촌치킨(봉래 영선점),부산광역시 영도구 한결길 12,129.0448315,35.09140644
티바두마리치킨,부산광역시 영도구 웃서발로 16-1,129.0673135,35.08214225
땡초닭발,부산광역시 영도구 태종로 704,129.0765699,35.07140574
남항점굽네치킨,부산광역시 영도구 절영로93번길 25-1,129.0403641,35.08764999
네네치킨,부산광역시 영도구 남항로 24-2,129.0391329,35.08914788
비비큐,부산광역시 영도구 동삼로28번길 9,129.0720231,35.07668322
멕시카나치킨,부산광역시 영도구 와치로 213,129.0657699,35.07644095
교촌치킨,부산광역시 영도구 태종로 352,129.0636798,35.09532569
드 메르(De Mer),부산광역시 영도구 절영로 15,129.040256,35.09295118
굽네치킨 동삼점,부산광역시 영도구 동삼로 79,129.0703191,35.08053827
호식이두마리치킨,부산광역시 영도구 와치로 171,129.0638735,35.07985592
썬더치킨,부산광역시 영도구 절영로13번길 58-1,129.0431603,35.09193465
BHC(비에이치씨),부산광역시 영도구 남항로 28,129.0393729,35.08904667
청학점 굽네치킨,부산광역시 영도구 태종로 260,129.0563553,35.09800388
고추먹은닭,부산광역시 영도구 동삼로 35,129.0712548,35.07662692
성광 맛횟집,부산광역시 영도구 태종로105번길 40-4,129.0433463,35.09275333
네네치킨영도동삼점,부산광역시 영도구 동삼로59번길 15,129.0695243,35.07845404
자매통닭,부산광역시 영도구 절영로49번길 31,129.0402337,35.08947195
초이스,부산광역시 영도구 동삼로 69-1,129.070154,35.07965636
맛있는 파닭,부산광역시 영도구 청학동로 75,129.0641323,35.09385243
홍콩할매불닭발,부산광역시 영도구 남항새싹길 27,129.0432159,35.0842542
통티닭강정영선점,부산광역시 영도구 절영로 119-1,129.0424432,35.08557691
티바 두마리치킨,부산광역시 영도구 남도여중길 126,129.0451085,35.0873297
효명통닭,부산광역시 영도구 동삼서로 60,129.0710345,35.08325418
소문난 안동찜닭,부산광역시 영도구 조내기로 38,129.0628495,35.08544459
옛날통닭,부산광역시 영도구 남항로41번길 18-4,129.0414591,35.08924508
또봉이통닭,부산광역시 영도구 동삼서로 32,129.0692726,35.08185455
김해통닭,부산광역시 영도구 동삼로 34,129.0715732,35.07666016
멕시카나치킨영선점,부산광역시 영도구 꿈나무길 238,129.0429574,35.08633868
영도불닭&크레이지덕,부산광역시 영도구 동삼북로 3,129.0692224,35.08304485
쌀통닭,부산광역시 영도구 동삼북로 20,129.0706572,35.08207668
달리는꼬꼬,부산광역시 부산진구 연지로 5,129.0504355,35.17074405
썬더치킨신암1호점,부산광역시 부산진구 신암로 73,129.0539405,35.14804353
당감점굽네치킨,부산광역시 부산진구 당감서로 118-1,129.0337742,35.16922001
통큰맘모스치킨,부산광역시 부산진구 백양대로 235,129.0250145,35.15700853
비비큐치킨(BBQ치킨),부산광역시 부산진구 서전로 65,129.0669095,35.15789928
멕시칸통닭,부산광역시 부산진구 연지로 24-1,129.0523866,35.17136708
꼬꼬아찌,부산광역시 부산진구 월드컵대로472번길 66-3,129.048315,35.1851126
처갓집양념치킨연지점,부산광역시 부산진구 성지로 93,129.0529205,35.17870877
투윙닭강정,부산광역시 부산진구 가야대로482번길 27,129.0248055,35.15172812
춘천유가네닭갈비,부산광역시 부산진구 양지로 10,129.0695965,35.16945843
요리하는집,부산광역시 부산진구 당감로64번길 36,129.0406182,35.16789938
닭판오분전,부산광역시 부산진구 양지로 17,129.0700729,35.16895845
칠칠켄터키치킨,부산광역시 부산진구 양지로5번길 19,129.0699945,35.17050953
지코바양정1호점,부산광역시 부산진구 동평로405번길 15,129.0696957,35.17451435
양념치킨가야점,부산광역시 부산진구 가야대로589번길 3,129.0363496,35.15505509
17번지 닭한마리,부산광역시 부산진구 연수로 39,129.0753075,35.1746629
교촌치킨,부산광역시 부산진구 동평로 46,129.0346511,35.16479568
꼬꼬아찌,부산광역시 부산진구 가야대로572번길 105,129.034097,35.14965697
촌닭,부산광역시 부산진구 중앙대로680번가길 38,129.061243,35.15513677
교촌치킨 초읍대공원점,부산광역시 부산진구 새싹로 274-1,129.0474661,35.18057694
양산꼬꼬,부산광역시 부산진구 서면로 52,129.0580398,35.15526397
60계치킨부산양정점,부산광역시 부산진구 연수로 12,129.0726987,35.17329792
부산통닭,부산광역시 부산진구 서면로68번길 38,129.0582259,35.15522629
티바두마리치킨,부산광역시 부산진구 진남로 501-1,129.070732,35.16898867
아메리칸숯불바베큐,부산광역시 부산진구 가야대로703번길 34,129.048654,35.15854563
퓨전포차,부산광역시 부산진구 동평로420번길 11,129.070231,35.17263472
다기야기,부산광역시 부산진구 새싹로 93-9,129.0525233,35.16494798
처갓집양념치킨개금엘지점,부산광역시 부산진구 백양대로 309,129.017745,35.15408628
한방장수식당,부산광역시 부산진구 개금본동로 81-1,129.0217795,35.15635985
멕시칸치킨,부산광역시 부산진구 진남로572번길 9,129.0505398,35.16264864
교촌치킨연지점,부산광역시 부산진구 동평로 299,129.0591835,35.17234436
명인 막국수,부산광역시 부산진구 신암로 74,129.0545994,35.14807384
썬더치킨(양정1호점),부산광역시 부산진구 중앙대로909번길 18,129.0694871,35.17200131
멕시칸치킨,부산광역시 부산진구 새싹로58번길 7,129.0556552,35.16267623
디디씨(DDC)치킨개금점,부산광역시 부산진구 엄광로 19,129.0182992,35.14836675
동근이숯불두마리치킨,부산광역시 부산진구 동평로 131,129.0438476,35.1663482
지코바숯불치킨전포점,부산광역시 부산진구 전포대로210번길 27,129.0670098,35.15549167
동키치킨,부산광역시 부산진구 부전로152번길 37,129.0582952,35.16057094
피자일병치킨병장 놈X4바삭한놈들,부산광역시 부산진구 가야대로703번나길 7,129.0475176,35.15808675
네네치킨,부산광역시 부산진구 범양로 43,129.0629994,35.16864223
네네치킨,부산광역시 부산진구 백양순환로28번길 50,129.0352116,35.16830632
네네치킨,부산광역시 부산진구 냉정로 262-1,129.028526,35.15085825
빨간병아리,부산광역시 부산진구 서면로68번길 46,129.0582876,35.15490125
타코비,부산광역시 부산진구 진남로 494,129.0704796,35.16816163
굽네치킨 부산부암점,부산광역시 부산진구 백양순환로 137-1,129.0410314,35.16845469
지코바숯불치킨,부산광역시 부산진구 백양대로 298,129.0690736,35.17227539
굽네치킨양정점,부산광역시 부산진구 동평로406번길 33,129.0690736,35.17227539
굽네치킨개금1,통닭(치킨),129.0529516,35.18111522
굽네치킨초읍연지점,부산광역시 부산진구 성지로104번길 46,129.0485372,35.15885312
블랙타운치킨호프,부산광역시 부산진구 가야대로703번길 39,129.0532969,35.17894887
비에이치씨초읍연지점,부산광역시 부산진구 성지로 94,129.0581437,35.15565968
서면집,부산광역시 부산진구 서면로 56,129.0366924,35.16735619
꼴까닭앤무봤나촌닭,부산광역시 부산진구 당감서로 77,129.0245682,35.15118929
개금통닭,부산광역시 부산진구 냉정로 227,129.034594,35.14990512
한양왕족발,부산광역시 부산진구 대학로 65-1,129.0233246,35.15878957
네네치킨신개금점,부산광역시 부산진구 개금본동로23번길 22,129.0621194,35.15332629
땅땅치킨서면점,부산광역시 부산진구 중앙대로680번길 52,129.0471591,35.18060664
비비큐,부산광역시 부산진구 새싹로 275,129.0551313,35.1467712
교촌치킨,부산광역시 부산진구 신암로 55-1,129.0562179,35.14508512
맥시칸치킨,부산광역시 부산진구 신암로 34,129.0498166,35.17297586
피자나라치킨공주 부산연지점,부산광역시 부산진구 동평로223번길 95,129.049245,35.17291773
오븐에꾸운닭,부산광역시 부산진구 새싹로 189,129.0506634,35.17053475
멕시카나치킨,부산광역시 부산진구 연지로 6,129.0649826,35.17424045
비에이치씨(BHC)치킨,부산광역시 부산진구 범양로125번길 13,129.0347324,35.14869606
치킨팟,부산광역시 부산진구 대학로 79-2,129.0606483,35.15413242
가라지,부산광역시 부산진구 중앙대로680번가길 15,129.0324347,35.16139833
밴드,부산광역시 부산진구 백양관문로 10,129.0349188,35.16858826
짝꿍두마리치킨,부산광역시 부산진구 당감서로 105,129.0406729,35.16960254
찜비갈등,부산광역시 부산진구 백양순환로 123-1,129.0235101,35.15958123
페리카나개금점,부산광역시 부산진구 개금본동로 32,129.068656,35.17056643
땅땅치킨,부산광역시 부산진구 거제대로22번길 21,129.0489716,35.17385754
썬더치킨초읍자이점,부산광역시 부산진구 새싹로 199,129.0673045,35.15872507
호식이두마리치킨서면전포점,부산광역시 부산진구 서전로67번길 20,129.0368132,35.15353678
썬더치킨,부산광역시 부산진구 대학로 21,129.0491661,35.15312382
현지네분식,부산광역시 부산진구 신암로 145,129.0608666,35.14475601
디디씨치킨범천점,부산광역시 부산진구 중앙번영로 16,129.0631645,35.16193442
땅땅치킨부전전포점,부산광역시 부산진구 중앙대로 786,129.0601856,35.15653418
김치삼겹살,부산광역시 부산진구 서전로10번길 27,129.0588383,35.14659459
치킨,부산광역시 부산진구 중앙대로 604,129.0668532,35.16282137
처갓집양념치킨,부산광역시 부산진구 전포대로 294,129.0351198,35.16366493
비에이치씨(BHC)당감점,부산광역시 부산진구 동평로44번길 62-16,129.0334596,35.15391701
호세야바베큐,부산광역시 부산진구 가야대로 562-1,129.0473686,35.18238057
통큰닭강정(초읍점),부산광역시 부산진구 성지로 160,129.0658646,35.17453014
통큰닭강정(양정점),부산광역시 부산진구 동평로 372,129.0376118,35.16541933
호야불닭발,부산광역시 부산진구 동평로 73-1,129.0723459,35.1773573
스시연,부산광역시 부산진구 동평로405번길 94,129.0409138,35.15579111
처갓집양념치킨 가야점,부산광역시 부산진구 가야대로 631-1,129.0201058,35.15241684
옥,부산광역시 부산진구 복지로 8,129.0685252,35.15303553
이타치,부산광역시 부산진구 동성로30번길 4,129.0696664,35.16976428
호치킨양정역점,부산광역시 부산진구 양지로5번길 2,129.0518082,35.16481899
처갓집양념치킨부암점,부산광역시 부산진구 시민공원로19번길 38-6,129.0254587,35.16179118
교촌치킨 개금1호점,부산광역시 부산진구 백양대로208번길 90,129.0524756,35.17060914
엔더블유푸드(NW FOOD),부산광역시 부산진구 동평로235번길 13,129.0379731,35.17138345
맥시칸치킨,부산광역시 부산진구 당감로 108,129.0350741,35.15141536
국제통닭가야점,부산광역시 부산진구 대학로46번길 5,129.0245698,35.15918466
푸드인더박스,부산광역시 부산진구 개금본동로 20,129.0577953,35.14740595
고향통닭,부산광역시 부산진구 신천대로65번길 64-1,129.0213782,35.15675084
BBQ개금점,부산광역시 부산진구 개금본동로 77,129.054787,35.14730602
네네치킨범천점,부산광역시 부산진구 신암로 66,129.059969,35.16014165
새벽닭 옛날통닭,부산광역시 부산진구 중앙대로755번길 13,129.0589392,35.16029489
안동상회,부산광역시 부산진구 새싹로14번길 29,129.0597649,35.14357582
숙성명가 또돈,부산광역시 부산진구 범일로154번길 8,129.0578253,35.14802765
파더스,부산광역시 부산진구 중앙대로621번길 25,129.0635234,35.16252619
썬더치킨(전포2호점),부산광역시 부산진구 전포대로275번길 53,129.0441518,35.15409563
네네치킨,부산광역시 부산진구 엄광로 321,129.0728248,35.17370243
교촌치킨,부산광역시 부산진구 연수로 13-1,129.0603825,35.15648739
골목,부산광역시 부산진구 동천로85번길 33,129.0688152,35.17182697
1988정통바베큐,부산광역시 부산진구 동평로406번길 44,129.0391343,35.15568021
맘스터치가야역점,부산광역시 부산진구 가야대로 613,129.0615604,35.14325361
지코바양념치킨,부산광역시 부산진구 중앙번영로20번나길 3,129.0672343,35.15923047
치킨명가명성떡볶이,부산광역시 부산진구 전포대로256번길 34-4,129.026315,35.16703905
멕시카나당감점,부산광역시 부산진구 백양관문로 105-32,129.0354678,35.16860159
노랑통닭,부산광역시 부산진구 당감서로 102,129.0536745,35.17758448
60계 초읍연지점,부산광역시 부산진구 성지로 79,129.0290035,35.14781648
조선의옛날통닭 가야점,부산광역시 부산진구 엄광로 127,129.0837563,35.20324256
동래닭갈비,부산광역시 동래구 명륜로94번길 21,129.0844048,35.22225592
비에이치씨(bhc),부산광역시 동래구 온천장로125번길 13-3,129.0864194,35.19624195
굽네치킨(수민점),부산광역시 동래구 온천천로285번길 28,129.0988088,35.1997085
호호닭발 안락점,부산광역시 동래구 충렬대로359번길 41,129.0727623,35.20482788
엄지척 셰프,부산광역시 동래구 충렬대로108번길 42,129.0884445,35.20151486
희망통닭,부산광역시 동래구 명륜로98번길 94,129.091643,35.19844837
맥시칸치킨 낙민점,부산광역시 동래구 충렬대로 318,129.0625699,35.20138444
페리카나치킨,부산광역시 동래구 석사북로 33,129.0881975,35.20440151
맥시칸치킨,부산광역시 동래구 동래로157번길 4,129.0998099,35.20554036
교촌치킨,부산광역시 동래구 충렬사로 81,129.082615,35.2049564
동래지코바,부산광역시 동래구 명륜로 124,129.060341,35.19888012
BHC치킨,부산광역시 동래구 사직북로34번길 6,129.0597858,35.19672166
칠칠켄터키,부산광역시 동래구 사직북로13번길 17,129.058919,35.19677432
멸치쌈밥사량도,부산광역시 동래구 사직북로13번길 34,129.1045411,35.19485191
지붕위에파닭,부산광역시 동래구 충렬대로428번길 35,129.0738746,35.20172625
참오뚜기통닭,부산광역시 동래구 여고로113번길 75,129.1043951,35.20109081
엘엠(LM)푸드,부산광역시 동래구 명안로 51,129.0822606,35.20969183
교촌치킨(명륜점),부산광역시 동래구 명륜로 177,129.0728256,35.20462901
DK치킨,부산광역시 동래구 충렬대로108번길 46,129.0641579,35.21114149
아몬드치킨,부산광역시 동래구 쇠미로235번길 9,129.0758788,35.19965328
트리플에이치푸드,부산광역시 동래구 중앙대로1267번길 33-2,129.0747861,35.21005596
기발한 치킨,부산광역시 동래구 중앙대로1367번길 55,129.083434,35.2004782
썬더치킨(수안1호점),부산광역시 동래구 충렬대로218번길 31,129.0684575,35.20567724
따봉직화구이,부산광역시 동래구 아시아드대로246번길 3,129.0595823,35.19627275
면채움,부산광역시 동래구 사직북로5번길 22,129.0591392,35.20189227
꾸바꾸바치킨점,부산광역시 동래구 쇠미로 115,129.0592596,35.19932226
티바두마리치킨,부산광역시 동래구 사직북로47번길 7,129.0890577,35.20138315
만세통닭,부산광역시 동래구 충렬대로271번길 12,129.1042098,35.1979557
불촌두마리치킨,부산광역시 동래구 명안로 15,129.0978674,35.20074463
민속왕순대,부산광역시 동래구 반송로 223,129.0792951,35.20221883
부리나치킨,부산광역시 동래구 충렬대로200번길 43,129.1125778,35.19958261
교촌치킨,부산광역시 동래구 명장로 137-1,129.1039858,35.19438826
처갓집양념치킨 안락점,부산광역시 동래구 충렬대로428번길 50,129.0666539,35.20297098
교촌치킨 온천점,부산광역시 동래구 아시아드대로 212-1,129.0798122,35.20643269
철인7호,부산광역시 동래구 충렬대로181번길 61,129.1043198,35.19877495
차박사얼큰이,부산광역시 동래구 명안로 25,129.0660346,35.2043195
꾸바꾸바,부산광역시 동래구 아시아드대로219번길 18,129.0998216,35.20070885
굿타임,부산광역시 동래구 안락로 23,129.1086819,35.19654468
굽네치킨,부산광역시 동래구 충렬대로457번길 21,129.1008725,35.20046492
치킨신드롬,부산광역시 동래구 안락로 33-1,129.0597427,35.19931803
참치통,부산광역시 동래구 사직북로 41,129.1039406,35.19428953
닭이야맛이딱이네,부산광역시 동래구 충렬대로428번길 52,129.1052522,35.19384488
(주)멕시카나 안락점,부산광역시 동래구 충렬대로428번길 49,129.074586,35.21070674
비에이치씨(BHC)치킨,부산광역시 동래구 중앙대로1367번길 70-10,129.1004668,35.20132493
훈이네보리밥,부산광역시 동래구 명안로45번길 77,129.0605205,35.1983287
사직점굽네치킨,부산광역시 동래구 사직북로28번길 6,129.0798472,35.20493608
아웃닭,부산광역시 동래구 충렬대로181번길 25,129.0812549,35.21914732
교촌치킨,부산광역시 동래구 금강공원로 30-1,129.0881376,35.19580285
티바두마리치킨,부산광역시 동래구 온천천로337번길 47,129.0588476,35.1980459
하꼬,부산광역시 동래구 사직북로57번길 45,129.1034506,35.19460047
또래오래(안락점),부산광역시 동래구 연안로59번길 89-1,129.0765642,35.20664193
굽네치킨,부산광역시 동래구 중앙대로1335번길 21,129.0674725,35.20510004
삼구치킨미남점,부산광역시 동래구 아시아드대로 237,129.0827458,35.1999255
네네치킨수민점,부산광역시 동래구 명륜로75번길 31,129.0703429,35.20540818
굽네치킨 온천3동점,부산광역시 동래구 충렬대로86번길 31,129.1027374,35.20032174
호식이두마리치킨명장점,부산광역시 동래구 안락로51번길 9,129.1060471,35.20387
네네치킨(명장점),부산광역시 동래구 명안로86번길 30,129.1034823,35.19369879
네네치킨안락점,부산광역시 동래구 연안로51번길 81-3,129.0589633,35.19764828
네네치킨,부산광역시 동래구 사직북로57번길 53,129.0859044,35.20208754
원조동래통닭,부산광역시 동래구 명륜로98번길 44,129.0855783,35.22128992
콩닥콩닭,부산광역시 동래구 중앙대로 1523,129.076482,35.20956314
비비큐새온천점,부산광역시 동래구 중앙대로1367번길 25,129.0735228,35.20503746
지코바치킨,부산광역시 동래구 미남로116번길 75,129.0747822,35.20060047
안동찜닭과 닭발나라,부산광역시 동래구 중앙대로1277번길 55-2,129.0589336,35.19705362
18번지고깃집,부산광역시 동래구 사직로58번길 33-4,129.1075388,35.20373015
시장통국밥,부산광역시 동래구 명안로86번길 58,129.0676647,35.20552199
오꾸닭,부산광역시 동래구 아시아드대로 241,129.0789986,35.20553857
우럭만공격,부산광역시 동래구 온천천로 157,129.0784642,35.21660331
네네치킨온천점,부산광역시 동래구 차밭골로 27,129.0715049,35.19856538
미쳐버린파닭,부산광역시 동래구 여고로75번길 46,129.1024421,35.19553809
무봤나촌닭,부산광역시 동래구 안남로 79,129.0714056,35.20103606
무봤나촌닭사직점,부산광역시 동래구 여고북로 114-3,129.0743474,35.20510225
네네치킨온천3동점,부산광역시 동래구 충렬대로126번길 19,129.0726224,35.20587472
호식이두마리치킨(온천점),부산광역시 동래구 미남로146번길 46,129.0792548,35.20663597
삼삼막창1994 동래역점,부산광역시 동래구 명륜로129번다길 29,129.0624626,35.1982125
먹곱,부산광역시 동래구 석사로18번길 15,129.0997612,35.20192626
쏠닭,부산광역시 동래구 반송로250번길 16,129.0871326,35.20524938
B.H.C(비에이치씨),부산광역시 동래구 동래로147번길 18,129.0831894,35.20355411
한솥도시락동래전화국옆점,부산광역시 동래구 명륜로112번길 4,129.0635411,35.1992306
이백장돈까스 사직점,부산광역시 동래구 아시아드대로171번길 26,129.1123427,35.20006251
큰집닭강정 부산1호점,부산광역시 동래구 명장로 132-2,129.1070041,35.19266607
도담,부산광역시 동래구 연안로51번길 12,129.0614323,35.19920406
노랑통닭,부산광역시 동래구 석사로17번길 16,129.0593666,35.1982667
프린스치킨,부산광역시 동래구 사직북로47번길 30-1,129.1033928,35.20978928
처갓집양념치킨,부산광역시 동래구 반송로339번길 8,129.0573726,35.19861767
가마로강정 사직점,부산광역시 동래구 사직로70번길 76,129.1007845,35.20614443
강정공장 공장장,부산광역시 동래구 시실로 206,129.077506,35.21474599
일차로호프치킨,부산광역시 동래구 금강로62번길 7,129.1027881,35.2056845
지코바양념치킨,부산광역시 동래구 명장로 14-1,129.0720883,35.20117423
부자통닭연구소,부산광역시 동래구 여고북로 128,129.0585312,35.1965073
안주빨,부산광역시 동래구 사직북로13번길 39-2,129.1104512,35.19744786
비비큐 안락점,부산광역시 동래구 충렬대로459번길 64,129.0596429,35.1967139
하얀나비,부산광역시 동래구 사직북로13번길 19,129.099091,35.20434806
에이스치킨,부산광역시 동래구 충렬사로 61-1,129.085636,35.20584872
교촌치킨,부산광역시 동래구 동래로 128,129.0588403,35.2050858
착한치킨,부산광역시 동래구 쇠미로129번길 66,129.0990108,35.20003117
아 그집 향어,부산광역시 동래구 충렬대로359번길 49,129.0716605,35.20789334
치킨신드롬,부산광역시 동래구 우장춘로4번길 24,129.1122748,35.20072114
오븐마루,부산광역시 동래구 명장로 123,129.0899821,35.13005694
교촌치킨대연1호점,부산광역시 남구 유엔로 126-1,129.0720177,35.13733841
부원닭발 문현본점,부산광역시 남구 고동골로4번길 20,129.0651412,35.14266328
하루키,부산광역시 남구 전포대로67번길 25,129.1112672,35.11628841
옛골,부산광역시 남구 용호로 179,129.0697891,35.13558239
처가집 양념통닭,부산광역시 남구 지게골로 36,129.0709072,35.12545884
맥시칸치킨 우암점,부산광역시 남구 장고개로 1,129.0770875,35.14401779
오븐에꾸운닭 문현2호점,부산광역시 남구 진남로 202,129.0839748,35.11640067
마이닭스오가통닭,부산광역시 남구 홍곡로 50,129.1015299,35.1369472
우야지막창,부산광역시 남구 수영로322번길 18,129.0722201,35.13771521
소백산한우,부산광역시 남구 수영로39번길 13,129.087762,35.13553936
야호,부산광역시 남구 못골로12번길 73,129.1113141,35.12135381
치킨삼파전 메트로시티 용호점,부산광역시 남구 동명로131번길 33,129.0972125,35.12269032
땅땅치킨 용당점,부산광역시 남구 유엔평화로 150,129.0999121,35.13496082
마이마이(mymy) 치킨 대연점,부산광역시 남구 용소로28번길 16,129.1104003,35.11465583
동키치킨 용호점,부산광역시 남구 용호로198번길 11,129.0724499,35.13849738
지코바양념치킨,부산광역시 남구 수영로39번길 32,129.1127733,35.11491347
동일곱창,부산광역시 남구 동명로152번길 93,129.0818083,35.13422261
처갓집치킨,부산광역시 남구 수영로 142-6,129.1125121,35.12231631
썬더치킨,부산광역시 남구 용호로 111,129.0810063,35.1159044
꼬꼬벵,부산광역시 남구 우암로39번길 47,129.1019283,35.13638471
호우양꼬치 경성대점,부산광역시 남구 수영로322번길 32,129.1095247,35.12692281
비에이치시(BHC)치킨,부산광역시 남구 분포로 111,129.0826701,35.11562813
에이스숯불치킨,부산광역시 남구 홍곡로22번길 13,129.0960124,35.13545591
삼오정,부산광역시 남구 수영로 270,129.1001538,35.13498567
하코네 라멘,부산광역시 남구 용소로28번길 10,129.0881782,35.13383199
닭꾸버 대연점,부산광역시 남구 수영로196번길 23,129.1005023,35.13235043
떴다 파닭,부산광역시 남구 수영로266번길 117,129.0940315,35.11617499
치키치키,부산광역시 남구 신선로337번길 16-2,129.1018795,35.13683585
오술차 부경대점,부산광역시 남구 용소로13번길 23,129.1120338,35.11780473
매운불닭석쇠구이,부산광역시 남구 용호로159번길 8,129.1030609,35.13737494
칠칠켄터키,부산광역시 남구 용소로13번길 47,129.0863392,35.13581354
대연 굽네치킨,부산광역시 남구 못골로41번길 13,129.111696,35.11958357
쌀통닭 용호2호점,부산광역시 남구 동명로 136,129.0896528,35.13004188
아라치 대연점,부산광역시 남구 유엔로 124,129.1034421,35.13797539
꼴목,부산광역시 남구 용소로7번길 60,129.0886213,35.12509349
처갓집 (대연점),부산광역시 남구 석포로 79,129.1128018,35.1234494
온가꽃게찜,부산광역시 남구 용호로97번길 6,129.0757975,35.14521911
호식이두마리,부산광역시 남구 진남로 219,129.0997939,35.13188815
꼬꼬네두마리치킨,부산광역시 남구 유엔로215번길 37,129.0901536,35.13796963
불막열삼 대연점,부산광역시 남구 진남로 45,129.0732697,35.14577338
굽네치킨 문현점,부산광역시 남구 고동골로 105-2,129.1031892,35.13712138
알촌,부산광역시 남구 수영로334번길 33,129.1011355,35.13129906
허브앤솔,부산광역시 남구 조각공원로 47,129.071251,35.13912095
비비큐문현점,부산광역시 남구 고동골로 24,129.1096685,35.13266335
썬더치킨(용호자이점),부산광역시 남구 신선로 566,129.0809479,35.1222778
홀린 두마리 치킨,부산광역시 남구 우암로 134,129.09154,35.13907486
피자나라치킨공주 대연점,부산광역시 남구 못골번영로46번길 46,129.1167451,35.10211316
오븐에꾸운닭용호2호점,부산광역시 남구 오륙도로 85,129.1069649,35.12828932
더하고 부대찌개 용호메트로시티점,부산광역시 남구 용호로 20,129.0717404,35.14380387
소문난 안동찜닭,부산광역시 남구 고동골로78번길 6,129.1017474,35.13598974
발빠닭 부산본점,부산광역시 남구 용소로19번길 18,129.101812,35.13589902
발빠닭 부산본점 Ⅱ,부산광역시 남구 용소로19번길 18-1,129.0764704,35.14465426
똘뱅이치킨,부산광역시 남구 진남로 210,129.1020417,35.1366541
교촌치킨 대연2호점,부산광역시 남구 용소로13번길 26,129.0972125,35.12269032
남다른 썬치킨 용당1호점,부산광역시 남구 유엔평화로 152-2,129.1040068,35.13591507
맘스터치,부산광역시 남구 용소로21번길 62,129.109057,35.12722455
치킨신드롬(메트로시티점),부산광역시 남구 분포로 113,129.0810204,35.11614765
소대장 치킨&호프,부산광역시 남구 우암로 63,129.1038594,35.13799863
구구닭촌,부산광역시 남구 수영로346번길 20,129.0930791,35.13600525
주구장창석쇠불판,부산광역시 남구 못골로 97-11,129.0914623,35.140653
네네치킨,부산광역시 남구 진남로36번길 58,129.1050374,35.13828534
네네치킨 대연점,부산광역시 남구 유엔로183번길 35,129.1097711,35.12002489
인디고,부산광역시 남구 용소로13번길 91,129.103622,35.13666674
본가치킨,부산광역시 남구 동명로118번길 2,129.0832541,35.11913835
카츠안 경성대부경대점,부산광역시 남구 수영로334번길 43,129.0926125,35.13639706
노랑통닭,부산광역시 남구 우암로104번길 29,129.1137775,35.12339536
멕시카나,부산광역시 남구 못골로 91-30,129.0681894,35.13828267
멕시칸 치킨,부산광역시 남구 이기대공원로12번길 20,129.0871861,35.15162537
치킨마루문현역점,부산광역시 남구 전포대로 16,129.1038533,35.13998175
나연김밥,부산광역시 남구 황령대로319번가길 142,129.071248,35.13889563
쌀통닭 대연3호점,부산광역시 남구 수영로 345,129.0890119,35.15109516
네네치킨 문현점,부산광역시 남구 고동골로 22,129.1119137,35.11462391
먹보닭,부산광역시 남구 수영로39번나길 81,129.0924682,35.13135056
노랑통닭,부산광역시 남구 황령대로319번가길 190-6,129.0863394,35.12345543
천우 옛날 통닭,부산광역시 남구 용호로197번길 20-4,129.0982224,35.13578742
바베트,부산광역시 남구 유엔평화로41번길 5,129.0709446,35.14253093
네네치킨(감만점),부산광역시 남구 석포로 51,129.0797151,35.13276301
청도치킨,부산광역시 남구 용소로8번길 42,129.1129222,35.11456957
99숯불치킨,부산광역시 남구 고동골로59번길 2,129.1120665,35.1161729
닭선보는날,부산광역시 남구 신정번영로 41,129.0099991,35.22607334
네네치킨(용호행복점),부산광역시 남구 동명로158번길 104,128.9980807,35.20639583
돈고래수육,부산광역시 남구 용호로177번길 20,129.0309634,35.21084319
닭강정에반하다,부산광역시 북구 금곡대로 191-1,129.0207596,35.21517531
아 옛날통닭,부산광역시 북구 구포만세길 108,129.0044206,35.20218791
치킨신드롬,부산광역시 북구 덕천로 243-1,129.0152102,35.21143621
후라이드바삭킹 덕천점,부산광역시 북구 만덕대로155번길 58,129.030891,35.21119535
파송송닭마니두마리치킨,부산광역시 북구 시랑로 38-1,129.0100874,35.22610866
맥시칸양념통닭,부산광역시 북구 의성로115번길 79,129.0203326,35.24157152
얌샘김밥부산만덕점,부산광역시 북구 만덕3로57번길 23,129.0154397,35.2122275
전문통닭,부산광역시 북구 금곡대로 191,129.0284987,35.21135094
BHC치킨(화명점),부산광역시 북구 산성로 23-2,129.0138404,35.25224446
동키치킨,부산광역시 북구 만덕대로90번길 13,129.0134758,35.25208527
찜닭맨,부산광역시 북구 만덕3로48번나길 6,129.0049202,35.20174208
호식이두마리치킨(금곡점),부산광역시 북구 효열로 69,129.0076965,35.20956108
처갓집양념치킨 금곡점,부산광역시 북구 금곡대로470번길 35,129.0029805,35.20741893
맘스터치치킨,부산광역시 북구 시랑로 43,129.0136969,35.21074582
무지개맥주덕천점,부산광역시 북구 덕천2길 45,129.0191884,35.21074472
처갓집양념치킨구포1호점,부산광역시 북구 구포시장길 44,129.0185615,35.21242659
네모푸드부산덕천점,부산광역시 북구 만덕대로78번길 30,129.016506,35.2641744
교촌치킨,부산광역시 북구 덕천로 135,129.0084253,35.1983417
덕천점굽네치킨,부산광역시 북구 만덕대로102번가길 46,129.0088389,35.21312106
숯불앤이프로,부산광역시 북구 금곡대로616번길 79,129.0132814,35.25676508
교촌치킨,부산광역시 북구 시랑로101번길 38,129.0128418,35.22941173
통키통키,부산광역시 북구 만덕대로39번길 44,129.0042456,35.20225247
치킨프라자,부산광역시 북구 금곡대로550번길 23,129.0055586,35.19918584
처갓집양념통닭,부산광역시 북구 금곡대로 238,129.0177395,35.23453553
지코바양념통닭,부산광역시 북구 시랑로24번가길 27,129.0284807,35.21080124
처갓집,부산광역시 북구 시랑로 72-1,129.0285461,35.21162996
우리집비어(Beer),부산광역시 북구 화명대로 89,129.0137382,35.2114125
옛날통닭,부산광역시 북구 덕천로 221,129.0167267,35.21150459
교촌치킨만덕2호,부산광역시 북구 만덕3로 44-1,129.0139411,35.21095109
썬더치킨,부산광역시 북구 만덕대로78번길 15,129.0111561,35.2104426
호식이두마리치킨덕천점,부산광역시 북구 만덕대로102번길 27,129.005313,35.19975575
녹두밭,부산광역시 북구 의성로115번길 54,129.0218633,35.2645799
처갓집양념치킨 덕천점,부산광역시 북구 의성로115번길 3,129.0198962,35.2348058
로데오치킨,부산광역시 북구 시랑로 66,129.0102827,35.2356437
석천냉면곰탕,부산광역시 북구 효열로162번길 189,128.9943266,35.19665566
교촌치킨화명1호점,부산광역시 북구 화명대로 108,129.0093551,35.23614721
비비큐치킨카페화명신도시점,부산광역시 북구 금곡대로303번길 61,129.0046114,35.20163648
로데오치킨,부산광역시 북구 백양대로1015번길 6,129.0107449,35.21447525
지코바숯불치킨,부산광역시 북구 금곡대로303번길 80,129.0130825,35.24521101
바사케,부산광역시 북구 시랑로 44-1,129.0360572,35.20893378
티바두마리치킨,부산광역시 북구 의성로73번길 19,129.0297156,35.21117833
교촌치킨화명3호점,부산광역시 북구 금곡대로 414,129.027819,35.21145587
티바두마리치킨만덕점,부산광역시 북구 덕천로294번길 13,129.0109428,35.21095817
오븐에꾸운닭만덕1호점,부산광역시 북구 만덕3로 55-1,128.9976887,35.19860202
호식이두마리치킨,부산광역시 북구 만덕3로48번나길 18-1,129.0051535,35.20018073
지코바숯불양념치킨,부산광역시 북구 의성로 109,129.010443,35.23439845
또래오래(신모라구남점),부산광역시 북구 백양대로1050번길 19,129.0103644,35.23603061
비에이치씨,부산광역시 북구 시랑로 62,129.0051535,35.20018073
오븐에꾸운닭(화명점),부산광역시 북구 화명신도시로 115,129.0338965,35.21089026
장충당,부산광역시 북구 금곡대로303번길 62,129.0104903,35.23466847
떡볶이참잘하는집,통닭(치킨),129.0371993,35.20805866
지코바숯불치킨,부산광역시 북구 만덕2로44번길 72,129.0110793,35.23433003
군자대한곱창 화명점,부산광역시 북구 화명신도시로 117,129.0072072,35.22327529
카페루나,부산광역시 북구 상리로 30,129.0086311,35.23624339
반반식당,부산광역시 북구 금곡대로285번길 46,128.9948866,35.2020504
맘스터치(화명점),부산광역시 북구 학사로17번길 27,129.0337288,35.21065733
교촌치킨화명신도시점,부산광역시 북구 금곡대로303번길 94,129.0081221,35.22352906
맛돌돌두마리치킨,부산광역시 북구 구남언덕로 15,129.0174637,35.26517588
노랑통닭 부산만덕점,부산광역시 북구 만덕2로44번길 71,129.0274485,35.21168437
역전할머니맥주 수정역점,부산광역시 북구 학사로17번가길 20,129.0123892,35.19566749
네네치킨,부산광역시 북구 효열로275번길 49,129.0338965,35.21089026
비비큐(BBQ)치킨만덕점,부산광역시 북구 만덕3로 34,129.0052658,35.20127048
썬더치킨(구포1호점),부산광역시 북구 시랑로 158,129.0087834,35.20952497
굽네치킨,부산광역시 북구 만덕2로44번길 72,129.0293092,35.21117278
구포점굽네치킨,부산광역시 북구 시랑로47번길 4,129.0075085,35.22366037
아웃닭(outdark),부산광역시 북구 만덕대로28번길 29,129.0185669,35.26287708
멕시카나,부산광역시 북구 만덕3로 56,129.0018995,35.20793267
네네치킨화명2호점,부산광역시 북구 학사로17번나길 7,129.0123248,35.23376976
굽네치킨금곡점,부산광역시 북구 효열로 207,129.0137901,35.25261445
닭이땡기네,부산광역시 북구 낙동대로1762번가길 23,129.0138894,35.23237752
화명점굽네치킨,부산광역시 북구 금곡대로285번길 19,129.0099803,35.23606988
티바두마리치킨,부산광역시 북구 효열로 73,129.0135224,35.21084644
호식이두마리치킨,부산광역시 북구 금곡대로 270,129.0084288,35.19863011
보약밥상현미김밥,부산광역시 북구 금곡대로303번길 70,129.0377121,35.21037984
비에이치씨(BHC)덕천점,부산광역시 북구 의성로115번길 46,129.0082712,35.21162047
땅땅치킨구포3점,부산광역시 북구 모분재로105번길 10,129.002918,35.2068065
썬더치킨,부산광역시 북구 만덕2로 34,129.0068834,35.19709259
모두랑치킨,부산광역시 북구 만덕대로27번길 20,129.0063282,35.21170877
옛날통닭,부산광역시 북구 구포시장길 56,129.0207746,35.21199329
우리동네포차,부산광역시 북구 시랑로 98,129.0076697,35.20828133
하림치킨,부산광역시 북구 만덕대로15번길 27,129.0128204,35.19589825
미쳐버린파닭,부산광역시 북구 만덕3로16번길 89,129.028473,35.21192804
덕천빈대떡,부산광역시 북구 만덕대로16번길 50,129.0277847,35.21395301
불막열삼,부산광역시 북구 시랑로 160,129.0189499,35.26274766
자담치킨만덕점,부산광역시 북구 만덕3로 41-1,129.0377912,35.21055943
달리는꼬꼬,부산광역시 북구 만덕1로 90,129.0211541,35.2439893
비비큐부산금곡점,부산광역시 북구 효열로 210,129.0123188,35.23417543
처갓집양념치킨 만덕점,부산광역시 북구 만덕2로 32,129.0076354,35.2205946
가마치통닭,부산광역시 북구 양달로 74,129.0050268,35.20147979
쌀통닭,부산광역시 북구 금곡대로285번길 22,129.0104351,35.19747761
쌀통닭,부산광역시 북구 금곡대로 125,129.0063103,35.19780947
호식이두마리치킨,부산광역시 북구 시랑로 47,129.0116757,35.23546078
피자드시우(구포점),부산광역시 북구 모분재로 128,129.0063563,35.19975609
아팟치숯불바베큐,부산광역시 북구 시랑로 90,129.0378637,35.20848562
맘스터치화명롯데점,부산광역시 북구 금곡대로303번길 35,129.0084033,35.22495091
닭드리숯불두마리치킨,부산광역시 북구 팽나무로8번길 118,129.0122107,35.22636131
옛날통닭,부산광역시 북구 은행나무로 11,129.0037625,35.20760173
마라장군,부산광역시 북구 화명신도시로 8,129.0046611,35.20566529
비에이치씨(BHC)화명신도시카이저점,부산광역시 북구 금곡대로 166,129.148521,35.22848723
옛날수제통닭,부산광역시 북구 구포시장5길 11,129.1275797,35.19491874
아추억의옛날통닭,부산광역시 북구 백양대로 1156-1,129.1548877,35.22969751
티바두마리치킨 반송점,부산광역시 해운대구 아랫반송로21번길 117,129.1764427,35.17353235
블랙보이(Black Boy),부산광역시 해운대구 해운대로61번길 84,129.1502417,35.22354035
교촌치킨,부산광역시 해운대구 윗반송로 51,129.1489799,35.15977078
노랑통닭 해운대점,부산광역시 해운대구 좌동로 107-11,129.179399,35.16844683
대박치킨,부산광역시 해운대구 아랫반송로 47,129.1598753,35.16645423
BBQ치킨,부산광역시 해운대구 해운대해변로 141,129.1601349,35.16618133
동키치킨,부산광역시 해운대구 세실로 30,129.1751032,35.17428449
방장치킨,부산광역시 해운대구 우동1로38번길 31,129.1311659,35.19696744
아재포차,부산광역시 해운대구 우동2로 17,129.1302694,35.1948756
아이가릿버거(장산점),부산광역시 해운대구 세실로 109-1,129.2019237,35.18332319
도날드치킨,부산광역시 해운대구 재반로 222,129.1273931,35.19016118
비비큐치킨점,부산광역시 해운대구 해운대로61번길 109,129.1286425,35.19237594
맵스,부산광역시 해운대구 송정중앙로 10,129.1628931,35.23026074
지코바숯불치킨,부산광역시 해운대구 재반로 136,129.1793443,35.17149402
호호불닭발,부산광역시 해운대구 재반로 164,129.1602637,35.16598179
투윙치킨,부산광역시 해운대구 신반송로 102,129.1243651,35.18795394
티바두마리치킨,부산광역시 해운대구 대천로 187,129.1597804,35.16209246
주유소,부산광역시 해운대구 우동2로 15,129.1425564,35.16115664
산길,부산광역시 해운대구 재송1로31번길 49-1,129.1241316,35.1877488
유가네닭갈비,부산광역시 해운대구 구남로 20,129.1284393,35.19197222
엔조이치킨,부산광역시 해운대구 해운대해변로 83,129.1257666,35.18926594
동궁찜닭,부산광역시 해운대구 재송1로31번길 55,129.1625802,35.22911901
치킨신드롬 재송점,부산광역시 해운대구 재반로 156-1,129.1238164,35.20151581
청사초롱,부산광역시 해운대구 재반로103번가길 34,129.177619,35.16832896
참대나무 닭숯불바베큐,부산광역시 해운대구 신반송로 151,129.177619,35.16832896
BBQ반여점,부산광역시 해운대구 반여로 112-1,129.1247276,35.20547341
비어팬(be a fan),부산광역시 해운대구 양운로42번길 16,129.1569301,35.23040809
안주깡패,부산광역시 해운대구 양운로42번길 16,129.1307383,35.19464587
티바두마리치킨&59쌀피자,부산광역시 해운대구 반여로155번길 17-4,129.1395832,35.16910785
치킨신드롬 반송점,부산광역시 해운대구 윗반송로 71,129.1569137,35.23080485
다모아,부산광역시 해운대구 재반로 194-2,129.1492252,35.22467674
지코바숯불양념치킨,부산광역시 해운대구 해운대로391번길 3-6,129.1195751,35.19494803
마당통치킨,부산광역시 해운대구 윗반송로51번길 84-33,129.123722,35.18750022
처갓집양념치킨반송점,부산광역시 해운대구 아랫반송로29번길 10-4,129.1480291,35.22554441
종국이 두마리치킨,부산광역시 해운대구 반여로 23-1,129.203388,35.18285795
호맥 재송점,부산광역시 해운대구 재송1로 54,129.1555974,35.23016845
Magic(매직)전통찜닭,부산광역시 해운대구 아랫반송로 15-3,129.1750448,35.17404169
처갓집,부산광역시 해운대구 송정중앙로 23-1,129.1176867,35.19016113
굽네치킨 반송점,부산광역시 해운대구 윗반송로51번길 46-1,129.1725503,35.16087871
찐이야 숯불두마리치킨,부산광역시 해운대구 대천로106번길 29,129.1832333,35.17245658
핫썬 치킨 재송1호점,부산광역시 해운대구 해운대로76번길 83,129.1176867,35.19016113
맥시칸치킨,부산광역시 해운대구 달맞이길65번길 6,129.1272508,35.19495786
부산좌동점 굽네치킨,부산광역시 해운대구 좌동순환로 275,129.204004,35.18219381
부산좌1,통닭(치킨),129.1758493,35.16739972
한스즉석탕수육&치킨,부산광역시 해운대구 해운대로61번길 80-1,129.1194455,35.20789306
교촌치킨 송정점,부산광역시 해운대구 송정중앙로 34,129.1564515,35.16962382
네네치킨신도시점,부산광역시 해운대구 해운대로774번길 30,129.1573804,35.16545956
본스치킨반여점,부산광역시 해운대구 삼어로 131,129.1992379,35.18210595
티바두마리치킨,부산광역시 해운대구 우동2로 74-1,129.1753992,35.16130175
부산우동점 굽네치킨,부산광역시 해운대구 우동1로 45,129.1793443,35.17149402
티바두마리치킨,부산광역시 해운대구 송정1로 5,129.1387519,35.17246882
치킨신드롬,부산광역시 해운대구 좌동순환로433번길 17,129.1253203,35.18795407
상문이숯불두마리치킨,부산광역시 해운대구 대천로 187,129.156299,35.23161296
우2동 굽네치킨,부산광역시 해운대구 해운대로 361,129.1311314,35.19685959
호식이두마리치킨,부산광역시 해운대구 재반로103번길 12,129.1244221,35.2072069
꾸바꾸바,부산광역시 해운대구 윗반송로51번길 103,129.1238934,35.20630143
굽네치킨반여2호점,부산광역시 해운대구 재반로 220-1,129.1469274,35.15664443
굽는치킨&순대렐라,부산광역시 해운대구 반여로167번길 49,129.1731255,35.16118861
호식이두마리치킨반여점,부산광역시 해운대구 반여로155번길 42,129.1850466,35.16957245
유가솜씨 마린시티점,부산광역시 해운대구 마린시티3로 23,129.1227545,35.20733056
굽네치킨 해운대중동점,부산광역시 해운대구 달맞이길65번길 15,129.179399,35.16844683
길목 퓨전포차,부산광역시 해운대구 좌동순환로299번길 11,129.1326169,35.19233879
굽네치킨 부산반여점,부산광역시 해운대구 선수촌로 162-1,129.1228804,35.20690575
비비큐 치킨,부산광역시 해운대구 세실로 30,129.1679235,35.17274055
해물삼대장,부산광역시 해운대구 재송2로 72,129.1724432,35.17481507
굿앤푸드,부산광역시 해운대구 반여로155번길 66,129.1699412,35.17870621
맘스터치,부산광역시 해운대구 대천로67번길 15,129.1569246,35.23157092
치킨 신드롬,부산광역시 해운대구 대천로103번길 9,129.1748802,35.16413713
맥시칸,부산광역시 해운대구 양운로 182,129.1720927,35.17105071
멕시카나치킨 반송점,부산광역시 해운대구 반송로924번길 25-3,129.1564362,35.23353157
후니푸드코리아,부산광역시 해운대구 좌동순환로468번가길 55,129.1724374,35.17135384
레시피콩,부산광역시 해운대구 좌동로53번길 17,129.1703782,35.16631703
영빈관,부산광역시 해운대구 윗반송로35번길 168,129.1537911,35.23060935
이래진족,부산광역시 해운대구 좌동로63번길 46,129.1500574,35.22526373
맘스터치,부산광역시 해운대구 해운대로 732,129.154597,35.23244046
호식이두마리치킨,부산광역시 해운대구 윗반송로31번길 33-9,129.1292169,35.17359479
이모네포차,부산광역시 해운대구 아랫반송로23번길 45,129.1668808,35.17735666
오꾸닭(반송점),부산광역시 해운대구 반송로924번길 4-2,129.1799462,35.16909048
깐부치킨센텀시티점,부산광역시 해운대구 센텀6로 21,129.1273716,35.20607074
네네치킨 해운대행복점,부산광역시 해운대구 좌동순환로99번길 22,129.1198435,35.20249011
김충기 꽃삼겹,부산광역시 해운대구 대천로 225,129.1527036,35.22363408
또래오래반여점,부산광역시 해운대구 반여로 176,129.1543081,35.15933247
애월돈,부산광역시 해운대구 선수촌로 100-9,129.1234339,35.20801832
보스코(BOSCO),부산광역시 해운대구 아랫반송로59번길 63,129.1864183,35.16652136
술단지,부산광역시 해운대구 해운대해변로209번길 8-3,129.1465512,35.16346245
땅땅치킨반여1점,부산광역시 해운대구 반여로167번길 76,129.1261221,35.18876687
썬더치킨,부산광역시 해운대구 청사포로 27,129.1620254,35.16019604
온심(onshim) 파스타,부산광역시 해운대구 해운대로483번가길 9,129.1502417,35.22354035
피자&치킨,부산광역시 해운대구 재반로 113-20,129.1189736,35.19752254
아웃닭,부산광역시 해운대구 구남로 47,129.1199529,35.19526903
더드림닭강정반송점,부산광역시 해운대구 아랫반송로 47,129.1567363,35.23223072
대박집,부산광역시 해운대구 반여로41번길 54,129.144817,35.15720524
짱짱치킨,부산광역시 해운대구 반여로27번길 2-4,129.1328141,35.16781033
동키치킨,부산광역시 해운대구 윗반송로51번길 129,129.1540325,35.16002917
지미스키친,부산광역시 해운대구 마린시티2로 33,129.1330065,35.19982561
또래오래 센텀시티점,부산광역시 해운대구 센텀3로 20,129.1737155,35.16329212
굽는치킨,부산광역시 해운대구 해운대해변로209번길 20,129.1498406,35.22391373
검정고무신,부산광역시 해운대구 재반로256번길 28,129.1486884,35.22478099
닭굽는마을,부산광역시 해운대구 좌동순환로468번가길 28,129.1180956,35.19596225
상문이 두마리 치킨,부산광역시 해운대구 반여로155번길 24,129.1190874,35.20100983
닭발똥집친구,부산광역시 해운대구 아랫반송로 41-1,129.1833796,35.16513595
꿀닭,부산광역시 해운대구 아랫반송로 28,129.1264918,35.17658575
쌀통닭 반여점,부산광역시 해운대구 선수촌로21번길 7,129.179003,35.17750053
맘스터치 반여1호점,부산광역시 해운대구 선수촌로 81-1,129.1755315,35.17810218
옛날통닭 좌동점,부산광역시 해운대구 청사포로 12,129.1781782,35.16828746
쌀통닭,부산광역시 해운대구 센텀동로 102,129.1453567,35.15968795
치킨마루 좌4동점,부산광역시 해운대구 좌동순환로217번길 7,129.1629064,35.16193626
맘스터치,부산광역시 해운대구 좌동순환로 175,129.1244353,35.18588011
안동술상,부산광역시 해운대구 세실로27번길 17,129.1147829,35.20424047
쌀통닭,부산광역시 해운대구 해운대해변로 117,129.1999359,35.18179256
박옥녀 뽀뽀통닭,부산광역시 해운대구 구남로41번길 40,129.1432627,35.15907679
옛날통닭,부산광역시 해운대구 재반로 81-51,129.1797171,35.16539706
연탄에 빠진 닭,부산광역시 해운대구 명장로67번길 96,128.9702788,35.10349276
꼬꼬닭,부산광역시 해운대구 해운대로 1080,128.9678256,35.0806436
BHC해운대마리나,부산광역시 해운대구 마린시티1로 9,128.9687513,35.08103282
처갓집양념치킨 장산역점,부산광역시 해운대구 세실로 7,128.9759893,35.10222996
우리통닭호프,부산광역시 사하구 낙동대로451번길 39,128.9653146,35.1057409
김천통닭,부산광역시 사하구 장림시장3길 80,129.0093235,35.09342932
곤지암할매 소머리국밥,부산광역시 사하구 장림번영로37번길 7-1,128.9605462,35.11253941
처갓집 양념치킨,부산광역시 사하구 괴정로 107-1,128.9717698,35.05819384
가마솥거인통닭 하단점,부산광역시 사하구 낙동남로1406번길 2,129.0095741,35.09418442
감내옛날통닭,부산광역시 사하구 옥천로75번길 2,128.994924,35.08986174
처갓집양념치킨,부산광역시 사하구 낙동대로549번길 57,128.9715524,35.05650092
호식이두마리치킨 다대점,부산광역시 사하구 다대로 537,128.9596293,35.10358667
멕시카나치킨,부산광역시 사하구 옥천로 89,128.9651846,35.1030918
멕시카나치킨,부산광역시 사하구 감천로 24,128.9619229,35.10368565
오븐마루 다대점,부산광역시 사하구 다대동로 31,128.9779689,35.08982861
치킨신드롬 하단신평점,부산광역시 사하구 동매로 12,128.9954587,35.09414805
해두리치킨,부산광역시 사하구 동매로 63,128.9631992,35.11239213
교촌치킨하단2호점,부산광역시 사하구 동매로 31-1,129.0000117,35.08979279
꼬지와친구들,부산광역시 사하구 다대로 141-1,128.9638042,35.10322899
꾸바꾸바 감천점,부산광역시 사하구 감천로21번길 35,128.9599744,35.09840983
경성술집,부산광역시 사하구 낙동대로549번길 11,128.9818709,35.06040197
감천점 굽네치킨,부산광역시 사하구 감천로 69,128.9822522,35.061111
통영장어,부산광역시 사하구 동매로 50,128.9778012,35.07763387
지코바,부산광역시 사하구 하신번영로177번길 2,128.977703,35.0795096
도원보쌈,부산광역시 사하구 다송로72번길 41,128.9732253,35.10223418
썬더치킨,부산광역시 사하구 다송로68번길 33,128.9656831,35.11001064
코코로,부산광역시 사하구 다대로277번길 5,128.9656455,35.11332813
LJ푸드,부산광역시 사하구 다대로 255-1,128.9976691,35.09103803
꼬지사께부산하단점,부산광역시 사하구 낙동대로407번길 28,128.9705754,35.05823046
BHC유나인,부산광역시 사하구 낙동대로 513,128.9679073,35.05509685
소문난돼지국밥,부산광역시 사하구 낙동대로516번길 55,128.9730704,35.07814972
달마루,부산광역시 사하구 감천로 45,128.9727191,35.07719705
굽네치킨,부산광역시 사하구 윤공단로14번길 82,128.9590691,35.10819731
치킨매니아,부산광역시 사하구 두송로26번길 39,128.9917471,35.10100217
구구안동찜닭 앤 소문난찜닭,부산광역시 사하구 윤공단로 30,128.9777824,35.0723878
타코난 숯불치킨,부산광역시 사하구 장평로 136,128.9798196,35.06029239
처갓집양념치킨,부산광역시 사하구 장평로 123,128.9989303,35.10361128
굽네치킨 하단점,부산광역시 사하구 하신번영로 304,129.0051368,35.08829909
호식이두마리치킨 괴정점,부산광역시 사하구 회화나무길 67,128.9955539,35.09656305
네네치킨 다대2점,부산광역시 사하구 다대로 339,128.9733798,35.07373933
핫토리,부산광역시 사하구 다송로72번길 82,128.9579665,35.09741616
괴정2호점 굽네치킨,부산광역시 사하구 사리로 42,128.9658212,35.1087025
썬더치킨 감천1호점,부산광역시 사하구 옥천로 7,128.9583417,35.09853995
티바두마리 치킨,부산광역시 사하구 오작로8번길 19,128.9904388,35.09531598
굽네치킨 장림점,부산광역시 사하구 다대로320번길 25,128.9827069,35.061549
땅땅치킨호프,부산광역시 사하구 하신번영로163번길 36,128.9801029,35.06381463
게도령 포차 돌게탕,부산광역시 사하구 낙동남로1423번길 53,128.9609947,35.11057077
수미네,부산광역시 사하구 하신번영로177번길 32,128.9765963,35.07314554
홍뼈감자탕,부산광역시 사하구 사하로141번길 50,128.9954677,35.10119699
가온밀면,부산광역시 사하구 다송로68번길 22,128.9736637,35.10312305
다대2동점 굽네치킨,부산광역시 사하구 다대로429번길 12,128.9648303,35.05538281
비비큐치킨,부산광역시 사하구 낙동대로519번길 79,128.981717,35.06036716
치킨신드롬,부산광역시 사하구 다대로 325,128.9765963,35.07314554
땅땅치킨 괴정점,부산광역시 사하구 낙동대로 194,128.981614,35.10204927
코바코,부산광역시 사하구 낙동대로 407-1,128.980371,35.06697642
처갓집양념치킨 몰운대롯데캐슬점,부산광역시 사하구 다대낙조2길 100,128.979959,35.06003886
호신미불닭발,부산광역시 사하구 다송로72번길 45,128.9707823,35.05626372
교촌치킨 당리,통닭(치킨),128.9833076,35.10242313
킴스치킨,부산광역시 사하구 마하로 20,128.9691157,35.10623335
빨래방망이,부산광역시 사하구 다대로 405-1,128.9644681,35.11022766
숙이네소주방,부산광역시 사하구 다송로72번길 80,128.9706826,35.07929565
썬더치킨 다대1동점,부산광역시 사하구 다대로 561,128.9901606,35.10223206
불숯불숯 두마리치킨 괴정점,부산광역시 사하구 낙동대로302번길 64,128.9711799,35.05189767
본설렁탕 부산 하단점,부산광역시 사하구 승학로 2,128.9990945,35.10358288
outdark(아웃닭) 하단점,부산광역시 사하구 낙동대로519번길 15,128.9773178,35.09041077
킨불라 앤 단두리,부산광역시 사하구 장림시장5길 218,128.9622197,35.11119203
명가생오리전문,부산광역시 사하구 승학로 233,128.9698755,35.05467547
피자와친구들,부산광역시 사하구 다대로 613,128.9763914,35.09180642
요와2호점,부산광역시 사하구 낙동남로1423번길 138,128.9578254,35.09753446
호맥 괴정점,부산광역시 사하구 사리로 40,128.9710957,35.08084277
닭서리,부산광역시 사하구 다대로140번길 12,128.982374,35.10322395
또래오래 하단동아대점,부산광역시 사하구 낙동대로535번길 43,128.9948302,35.09747942
해신원샤브샤브,부산광역시 사하구 윤공단로 8,128.9966964,35.09131646
빠삭빠삭,부산광역시 사하구 다대로134번길 69,128.9917539,35.09884775
송부장연탄갈비,부산광역시 사하구 하신번영로167번길 39,128.9728234,35.10624868
어랑어랑횟집,부산광역시 사하구 장림번영로 53,128.9689733,35.0553227
두리얀푸드,부산광역시 사하구 승학로 140,128.9678974,35.08022838
육동신 치킨,부산광역시 사하구 오작로 7,129.0044731,35.08783586
남다른 썬치킨 감천2호,부산광역시 사하구 감천로 33-1,128.9770754,35.09031357
노랑통닭 괴정점,부산광역시 사하구 낙동대로233번길 11,128.9576829,35.0975446
마이마이치킨 당리점,부산광역시 사하구 승학로 38-1,128.992722,35.09637898
국제통닭다대점,부산광역시 사하구 윤공단로14번길 9,128.9636234,35.11301974
옛날통닭(새벽닭),부산광역시 사하구 장림시장6길 107,128.9999645,35.10028557
가마솥옛날통닭,부산광역시 사하구 감천로 117,128.9710957,35.08084277
네네치킨,부산광역시 사하구 다대로142번길 16,129.0074259,35.1067589
계미가,부산광역시 사하구 하신번영로167번길 41,128.9807571,35.06626118
교촌치킨 괴정1호점,부산광역시 사하구 괴정로 288,128.9804311,35.06649818
충만치킨 동아대점,부산광역시 사하구 낙동대로 553,129.0055411,35.08817855
네네치킨 괴정행복점,부산광역시 사하구 사리로 4,128.9941742,35.09223861
BHC치킨 장림점,부산광역시 사하구 장림번영로 53,129.0921481,35.22465599
비에이치씨(BHC)괴정점,부산광역시 사하구 대티로 75,129.0917598,35.2742983
전숙돈만난국밥,부산광역시 사하구 다송로 10,129.1045933,35.21489816
김해통닭 다대점,부산광역시 사하구 다송로 6,129.0897751,35.24595896
떡볶이랑 순대랑,부산광역시 사하구 옥천로 8,129.0874843,35.25788678
치킨신드롬감천점,부산광역시 사하구 감천로 9,129.0919071,35.2255235
부곡반점,부산광역시 금정구 동부곡로6번길 25,129.0870519,35.23787108
맥시칸통닭,부산광역시 금정구 청룡예전로 10,129.0859165,35.23182402
옛날통닭,부산광역시 금정구 서부로 5,129.0871564,35.23171372
미가곱창,부산광역시 금정구 수림로50번길 149,129.0862446,35.25804215
더조은치킨,부산광역시 금정구 금강로 565,129.1071916,35.21535213
킹 하우스,부산광역시 금정구 부곡로 108,129.1065506,35.21425831
성애문현곱창,부산광역시 금정구 금정로149번길 13,129.0985084,35.21733325
역전할머니맥주 부산대점,부산광역시 금정구 부산대학로50번길 9,129.106814,35.21504912
로꼬꼬,부산광역시 금정구 부산대학로38번길 9,129.0888112,35.27326129
교촌치킨(구서1호),부산광역시 금정구 금강로565번길 25,129.0883745,35.25460677
노랑통닭,부산광역시 금정구 서동로175번길 25-4,129.0878433,35.24693182
교촌치킨서동1호점,부산광역시 금정구 서동로 182,129.0942302,35.24307036
고성통닭,부산광역시 금정구 서동로99번길 16-19,129.1169344,35.22659284
서동감자탕,부산광역시 금정구 서동로175번길 19,129.1122496,35.22058779
비비큐치킨,부산광역시 금정구 금강로 735-1,129.0920856,35.26501121
비비큐치킨구서점,부산광역시 금정구 구서중앙로 25,129.0888574,35.26687013
BHC치킨 구서점,부산광역시 금정구 구서로 30,129.0952408,35.21693023
김윤정숯불양념통닭,부산광역시 금정구 중앙대로1778번길 17,129.0924488,35.22660026
문진옥 숯불바베큐치킨,부산광역시 금정구 회천로 6-2,129.0883035,35.25915034
마당쇠구이,부산광역시 금정구 금사로 92,129.0959159,35.2173117
스완,부산광역시 금정구 중앙대로 2023,129.0916461,35.26501518
썬더치킨(남산1호점),부산광역시 금정구 남산로 31,129.090256,35.23511105
합천통닭,부산광역시 금정구 서동로78번길 12,129.0866586,35.22980727
지코바금정점,부산광역시 금정구 동부곡로5번길 19,129.0923163,35.26664061
장충동왕족발(구서점),부산광역시 금정구 중앙대로1959번길 53,129.087177,35.25709633
동키치킨,부산광역시 금정구 서동로79번길 2-8,129.0902295,35.26920133
가촌치킨,부산광역시 금정구 학산로 16,129.0826799,35.23791934
BHC치킨 금정부곡점,부산광역시 금정구 중앙대로1685번길 26,129.1013365,35.21366594
충만치킨 부산대점,부산광역시 금정구 금정로60번길 6,129.1082283,35.21566713
팔복통닭,부산광역시 금정구 중앙대로 2041,129.087375,35.23163063
호식이두마리치킨 구서점,부산광역시 금정구 금강로555번길 8,129.0897734,35.24583278
노랑통닭,부산광역시 금정구 범어천로 32,129.0907501,35.26704235
호호닭집,부산광역시 금정구 금강로335번길 68,129.0836189,35.22923064
피자나라치킨공주,부산광역시 금정구 서명로 17-1,129.0837678,35.23793663
오징어집,부산광역시 금정구 개좌로27번길 39,129.0914145,35.22401363
땡초통닭,부산광역시 금정구 부산대학로38번길 10,129.1125553,35.22044977
와따포차,부산광역시 금정구 수림로50번길 145,129.0932364,35.22552951
꼴닭,부산광역시 금정구 범어천로21번길 26,129.0904015,35.26973159
미식가,부산광역시 금정구 장전로 49,129.1042345,35.21759657
교촌치킨장전1호점,부산광역시 금정구 금강로335번길 48,129.0871635,35.26265794
교촌치킨부곡2호점,부산광역시 금정구 부곡로 92,129.0871972,35.22078863
정민이네 도시락,부산광역시 금정구 개좌로 81,129.0909183,35.27138546
하바드치킨점,부산광역시 금정구 동부곡로12번길 1,129.0875142,35.23217922
장수통닭,부산광역시 금정구 범어천로38번길 9,129.0904906,35.25507444
서동점 굽네치킨,부산광역시 금정구 서곡로 34,129.0940354,35.24165696
화끈한얼큰이,부산광역시 금정구 금강로611번길 17,129.0880957,35.26415485
명랑 쌀 핫도그(온천장점),부산광역시 금정구 오시게로 38,129.0972829,35.21686664
치킨신드롬,부산광역시 금정구 중앙대로2097번길 27,129.0897152,35.26362647
읍천리382(부산대점),부산광역시 금정구 부산대학로38번길 22,129.0879124,35.25374561
굽네치킨구서점,부산광역시 금정구 두실로7번길 119,129.092519,35.23674014
네네치킨 부곡점,부산광역시 금정구 중앙대로1766번길 16-1,129.0879285,35.24673275
시키면돼지&두마리치킨,부산광역시 금정구 금강로633번길 6,129.1045322,35.2160615
네네치킨,부산광역시 금정구 서동로 93-1,129.0902527,35.248803
네네치킨남산점,부산광역시 금정구 중앙대로2007번길 39,129.0923795,35.21979546
네네치킨구서점,부산광역시 금정구 금강로 520,129.0907996,35.24697729
부산 부곡점 굽네치킨,부산광역시 금정구 중앙대로1706번길 3,129.0890785,35.25466352
국수나무,부산광역시 금정구 구서로 29,129.086344,35.23257734
호식이두마리치킨 서동점,부산광역시 금정구 서부로16번길 14,129.0905487,35.26677376
맘스터치,부산광역시 금정구 중앙대로1841번길 29,129.0921821,35.22554805
부곡2호점 굽네치킨,부산광역시 금정구 서동로 36,129.0857907,35.2330961
닭한마리,부산광역시 금정구 금정로233번길 65,129.0814452,35.22437363
참대나무 숯불바베큐치킨&비어,부산광역시 금정구 구서중앙로 19-1,129.0872345,35.25810536
아웃닭 부산대점,부산광역시 금정구 부산대학로50번길 28,129.0874131,35.23283814
부리나치킨,부산광역시 금정구 남산로 15,129.0892569,35.26797522
썬더치킨,부산광역시 금정구 동부곡로 4,129.0902279,35.22399729
836숯불바베큐치킨,부산광역시 금정구 금정로91번길 22,129.0889435,35.26837465
얼큰이 샤브샤브 칼국수,부산광역시 금정구 식물원로75번길 46,129.1062262,35.21463085
디디씨(DDC)치킨 (구서점),부산광역시 금정구 금강로565번길 8,129.101193,35.21361316
멕시카나치킨,부산광역시 금정구 부산대학로38번길 35,129.0936572,35.22823886
교촌치킨,부산광역시 금정구 금강로 678-1,129.0827669,35.22712003
아지트,부산광역시 금정구 부곡로 9,129.0937162,35.22690428
전포면옥,부산광역시 금정구 금강로 681,129.0878561,35.22899428
썬더치킨(서동점),부산광역시 금정구 서동로175번길 8,129.088391,35.24927047
디디치킨(서동점),부산광역시 금정구 서명로 19,129.0819081,35.23027353
불로피아 숯불바베큐치킨,부산광역시 금정구 동부곡로15번길 57,129.0893832,35.2445924
통큰닭강정,부산광역시 금정구 금강로 209,129.0940099,35.24139579
피자나라치킨공주,부산광역시 금정구 부곡로126번길 32,129.084875,35.26823098
신(辛) 짜글이 닭발,부산광역시 금정구 장전로12번길 27,129.0983054,35.21856998
쌀통닭 구서점,부산광역시 금정구 금강로 468,129.0914656,35.27203851
비비큐(BBQ)치킨,부산광역시 금정구 금강로 225,129.090806,35.22532612
비베레,부산광역시 금정구 수림로50번길 115,129.0927234,35.22577752
60계 부산부곡장전점,부산광역시 금정구 기찰로 117,129.0852379,35.23777922
별뚱별닭강정&치킨,부산광역시 금정구 금샘로 511,128.9310715,35.10881253
멕시카나치킨,부산광역시 금정구 동현로 142,128.8428585,35.10168874
춘하추동 칼국수 남산점,부산광역시 금정구 팔송로 9,128.8801527,35.08345802
쓰리락,부산광역시 금정구 가마실로 15-10,128.8776962,35.08344881
지유왕족발,부산광역시 금정구 동부곡로 7,128.9032521,35.08092618
오지계 통닭,부산광역시 금정구 금강로335번길 21,128.8801829,35.0832054
행복한꽈배기,부산광역시 강서구 명지새동네길1번길 8,128.9051172,35.08398608
닭판오분전,부산광역시 강서구 송정길 115,128.955236,35.17999747
닭굽는마을,부산광역시 강서구 신호산단5로 65,128.9039624,35.0816961
오꾸닭 신호점,부산광역시 강서구 신호산단5로 43,128.9032684,35.08140381
명지점 굽네치킨,부산광역시 강서구 명지오션시티4로 90,128.9315411,35.10959314
희야네,부산광역시 강서구 신호산단5로 68-4,128.9029267,35.08820305
치킨신드롬 명지점,부산광역시 강서구 명지오션시티11로 84,128.9570425,35.17956854
웰빙떡볶이,부산광역시 강서구 공항로811번길 45,128.8786031,35.11070112
해피치킨,부산광역시 강서구 명지오션시티4로 81,128.9097661,35.08588929
오븐에 꾸운 닭,부산광역시 강서구 명지오션시티4로 84,128.8796067,35.08469693
월드치킨,부산광역시 강서구 명지새동네길1번길 26,128.833077,35.15033386
네네치킨 명지점,부산광역시 강서구 명지오션시티9로 58,128.9238754,35.09617576
구이오감,부산광역시 강서구 공항로811번가길 7,128.8789685,35.08347564
굽는치킨,부산광역시 강서구 화전산단4로6번길 8,128.8389874,35.15089695
교촌치킨명지신도시점,부산광역시 강서구 명지오션시티8로30번길 26,128.8998465,35.08634202
오복통닭,부산광역시 강서구 신호산단4로64번길 12,128.9112027,35.08490495
장터수구레선지국밥,부산광역시 강서구 과학산단로334번길 16,128.8342313,35.1505152
노랑통닭,부산광역시 강서구 명지국제6로232번길 11,128.8777351,35.08707224
썬더치킨,부산광역시 강서구 신호산단5로 53-1,128.8352741,35.14946236
BHC지사점,부산광역시 강서구 과학산단2로20번길 69,129.0823065,35.18751736
비에이치씨(BHC) 명지오션시티점,부산광역시 강서구 명지오션시티11로 51,129.069673,35.18366364
자가치카,부산광역시 강서구 명지오션시티8로 39,129.0836875,35.18733373
호식이두마리치킨 강서지사점,부산광역시 강서구 과학산단로334번나길 27,129.0824252,35.19067115
맘스터치 신호점,부산광역시 강서구 신호산단2로 21,129.1084334,35.18311634
스마일비어(Smile Beer),부산광역시 강서구 과학산단로334번다길 48,129.0686661,35.18892764
썬,부산광역시 연제구 중앙대로1120번길 14-5,129.0921211,35.17430495
맥시칸통닭,부산광역시 연제구 해맞이로 105-1,129.0812708,35.19138455
봉추찜닭연산점,부산광역시 연제구 반송로 24,129.0938704,35.18604322
네네치킨,부산광역시 연제구 거제천로230번길 25,129.1064728,35.18830824
베테랑치킨호프,부산광역시 연제구 과정로132번길 20,129.0800494,35.18539223
처갓집양념통닭,부산광역시 연제구 아시아드대로46번길 7,129.0954998,35.1733009
통큰 두마리 찜닭 연산점,부산광역시 연제구 쌍미천로 5,129.0667445,35.19227973
교촌치킨연산2호점,부산광역시 연제구 중앙대로 1164,129.1033807,35.18213496
만나추어탕,부산광역시 연제구 고분로 105,129.0852596,35.19161023
맥시칸 치킨,부산광역시 연제구 과정로192번길 8,129.0798807,35.19172147
비건스토리(VEGAN STORY),부산광역시 연제구 월드컵대로145번길 24,129.0844533,35.18712856
썬더치킨(연산1호점),부산광역시 연제구 연수로 228,129.1093397,35.18436096
케이닭,부산광역시 연제구 아시아드대로 87,129.1022396,35.18543542
유엔,부산광역시 연제구 토곡로 38,129.1062779,35.18123416
불백고수락 연산점,부산광역시 연제구 거제천로 258,129.0964538,35.17322014
거제점 굽네치킨,부산광역시 연제구 중앙대로 1167,129.0826958,35.1779772
대패1900,부산광역시 연제구 고분로13번길 25,129.0857073,35.18482779
토곡점 굽네치킨,부산광역시 연제구 고분로 248,129.1093397,35.18436096
오땅,부산광역시 연제구 고분로 182,129.0859378,35.18399644
치피떡 & 혁명닭발,부산광역시 연제구 토곡남로 9,129.0982115,35.18635542
소문난 손 칼국수,부산광역시 연제구 연수로 236,129.0776361,35.18140259
연산2호점굽네치킨,부산광역시 연제구 중앙천로 35,129.0967848,35.18884717
에이스치킨,부산광역시 연제구 쌍미천로135번길 28,129.1077977,35.18238303
땅땅치킨(연산1,통닭(치킨),129.101456,35.18594734
연일 뒷통,부산광역시 연제구 고분로32번길 35,129.0858318,35.1875759
피자나라 치킨공주,부산광역시 연제구 과정로283번나길 35,129.0827489,35.19189413
맥시칸시청점,부산광역시 연제구 중앙대로 1039,129.0789394,35.19526331
멕시카나치킨 연산중앙점,부산광역시 연제구 과정로278번길 16,129.1081647,35.18434469
또래오래,부산광역시 연제구 고분로236번길 46,129.1086844,35.18380811
페리카나,부산광역시 연제구 과정로265번길 78,129.0853613,35.17697981
옛날통닭,부산광역시 연제구 고분로31번길 41,129.1073554,35.18619994
가마치 통닭 거제월드점,부산광역시 연제구 거제천로 236,129.0967336,35.18830681
맘스터치 교대점,부산광역시 연제구 교대로 7,129.0804165,35.17912431
맥주를구한피자,부산광역시 연제구 고분로 238,129.0715672,35.17908585
노랑통닭 토곡점,부산광역시 연제구 고분로242번길 13,129.108451,35.18521641
비비큐(BBQ),부산광역시 연제구 월드컵대로 27,129.0869459,35.1854927
고것참실비포차,부산광역시 연제구 과정로 166,129.0980623,35.18587003
교촌치킨(연산4호점),부산광역시 연제구 과정로 280-1,129.0794799,35.18715502
네네치킨 시청점,부산광역시 연제구 중앙대로1038번길 64,129.1149609,35.14579304
신촌곰탕,부산광역시 연제구 거제천로 51,129.1009581,35.17346768
쌀통닭(토곡점),부산광역시 연제구 고분로241번길 13,129.1074885,35.14020092
동근이숯불두마리치킨,부산광역시 연제구 쌍미천로 145,129.1180393,35.16623514
맘스터치,부산광역시 연제구 고분로143번길 3,129.1209056,35.15833952
명륜진사갈비 연산점,부산광역시 연제구 월드컵대로 156,129.1126678,35.16434668
림스치킨,부산광역시 수영구 광안해변로 122,129.0996824,35.173299
신(辛)동키닭,부산광역시 수영구 연수로275번길 6,129.1162476,35.16685561
부로이라촌,부산광역시 수영구 수영로384번길 19,129.1108702,35.16211875
디케이치킨 수영점,부산광역시 수영구 감포로 89,129.1174716,35.16886342
지코바숯불양념치킨,부산광역시 수영구 광남로 200,129.1208162,35.15822317
언니가간다 광안점,부산광역시 수영구 광서로 18,129.1077439,35.16064209
처갓집양념통닭,부산광역시 수영구 연수로263번길 4,129.1178872,35.16394703
빨간병아리,부산광역시 수영구 수영로 690-11,129.1123059,35.15631865
칠성통닭,부산광역시 수영구 광일로29번길 5,129.1182771,35.15474928
썬더치킨,부산광역시 수영구 수영로725번길 24,129.1188429,35.15439251
교촌치킨 민락점,부산광역시 수영구 광남로 196-1,129.1080369,35.13856439
처갓집양념통닭,부산광역시 수영구 광일로29번가길 55,129.1197114,35.16889679
페리카나 광안점,부산광역시 수영구 무학로33번길 55,129.1195512,35.15801854
불로만바베큐,부산광역시 수영구 호암로 5,129.1120541,35.1700581
아웃닭,부산광역시 수영구 광안로 58,129.1165273,35.17044956
미진축산 광안점,부산광역시 수영구 광안로 64,129.1200466,35.15893337
지코바숯불양념치킨,부산광역시 수영구 황령대로489번길 10,129.1206116,35.1585135
노랑통닭,부산광역시 수영구 구락로 8-4,129.117316,35.15910284
네네치킨 광안1점,부산광역시 수영구 광안로49번길 73,129.1118073,35.14146834
삐뽀,부산광역시 수영구 망미번영로52번길 62,129.1077235,35.17530784
팔도하림닭집,부산광역시 수영구 수영성로32번길 3,129.1125481,35.16200418
BHC 부산민락점,부산광역시 수영구 무학로52번길 52,129.1117297,35.16236324
썬더치킨 동방오거리점,부산광역시 수영구 광남로 199,128.9856516,35.18758654
깻잎치킨,부산광역시 수영구 수영로606번길 70,128.9854495,35.1554173
비에이치씨남천점,부산광역시 수영구 남천동로 33,129.0019375,35.15295626
교촌치킨 망미1호점,부산광역시 수영구 과정로 44-1,128.9804758,35.15527743
장수통닭,부산광역시 수영구 광일로 13-3,128.9934908,35.18484525
옛날통닭,부산광역시 수영구 광일로 22,128.9700458,35.12822024
진미통닭,부산광역시 사상구 사상로477번길 34,129.0126689,35.14834189
잉꼬양념통닭,부산광역시 사상구 새벽시장로103번길 24,128.9923556,35.13666579
맥시칸치킨,부산광역시 사상구 백양대로 458,128.9787834,35.13587492
본스치킨 감전점,부산광역시 사상구 새벽시장로 61,128.9709708,35.12851028
썬더치킨(모라점),부산광역시 사상구 모라로110번길 45,128.9835296,35.17005362
멕시카나치킨,부산광역시 사상구 낙동대로 752,128.9886828,35.17044428
엄마밥상,부산광역시 사상구 가야대로366번길 60,128.9712225,35.12937361
딜라이트푸드 학장점,부산광역시 사상구 학감대로49번길 34,128.9926456,35.19208138
부평족발,부산광역시 사상구 대동로64번길 25,128.9734507,35.12392024
굽네치킨 엄궁점,부산광역시 사상구 엄궁북로4번길 7,128.9895081,35.14345863
제이에스푸드,부산광역시 사상구 사상로292번길 22,128.9877304,35.14255373
남영통닭,부산광역시 사상구 백양대로 712,128.9773357,35.13777056
낭만오뎅빠,부산광역시 사상구 낙동대로 770,129.0062021,35.14990118
B.B.O 치킨,부산광역시 사상구 백양대로 964-1,128.9905247,35.18651914
지코바숯불양념치킨,부산광역시 사상구 엄궁남로 43,128.9836483,35.13892729
치킨아트,부산광역시 사상구 학장로216번길 26-10,128.9896571,35.1765568
페리카나치킨,부산광역시 사상구 학감대로 129,128.9788758,35.15639009
지코바숯불치킨,부산광역시 사상구 대동로 83,128.9929996,35.18508365
지코바숯불양념치킨,부산광역시 사상구 가야대로306번길 13,129.0124509,35.15022764
맥주를 구한 피자,부산광역시 사상구 모라로 99,129.0041463,35.15407371
처가집양념치킨,부산광역시 사상구 대동로 148-29,128.9756164,35.136225
지코바숯불치킨덕포점,부산광역시 사상구 덕상로 57,128.9851643,35.16361334
훼미리치킨,부산광역시 사상구 새벽시장로45번길 17,128.9802001,35.13963132
옥,부산광역시 사상구 모라로110번길 35,128.9747538,35.12830861
맥시칸치킨(주례점),부산광역시 사상구 가야대로366번길 16,129.0157011,35.15388712
불로만숯불치킨,부산광역시 사상구 양지로22번길 7,129.0044295,35.14943817
맘스터치,부산광역시 사상구 대동로 61,128.9777197,35.16433176
순곱이네(사상점),부산광역시 사상구 사상로202번길 17,128.9844403,35.1645657
금손맛집,부산광역시 사상구 대동로 117,129.0120009,35.15023141
교촌치킨 엄궁점,부산광역시 사상구 엄궁북로 39,128.9893809,35.17279122
교촌치킨,부산광역시 사상구 백양대로 328,128.9875658,35.13893143
정가득찬반찬,부산광역시 사상구 주례로10번길 128,128.9864034,35.15897005
(주)홈플러스서부산점,부산광역시 사상구 광장로 7,128.9702828,35.12785778
노가리슈퍼,부산광역시 사상구 광장로81번길 48,128.9867813,35.18838859
아웃닭 냉정점,부산광역시 사상구 주례로9번길 10,128.9823984,35.17183856
치킨플라이,부산광역시 사상구 덕상로 16,129.0047632,35.15425788
닭은쿠두마리치킨,부산광역시 사상구 학감대로 109-43,128.9924987,35.19174006
종국이두마리,부산광역시 사상구 사상로161번길 23,128.9883707,35.18907869
봉구비어,부산광역시 사상구 엄궁북로4번가길 18,128.9742211,35.13056641
뒷고기포차,부산광역시 사상구 사상로489번길 19,129.0129495,35.14884433
꾸꾸닭직불구이,부산광역시 사상구 사상로309번길 15-11,128.9922525,35.19225587
굽네치킨,부산광역시 사상구 양지로8번길 45-15,129.004731,35.14896694
네네치킨,부산광역시 사상구 백양대로 960-1,128.9835484,35.15613586
상구야치킨,부산광역시 사상구 모라로 76,128.9780991,35.16668135
구구안동찜닭,부산광역시 사상구 엄궁로 202,129.0121021,35.15041985
two our,부산광역시 사상구 가야대로366번길 49,128.9829034,35.14086234
피자에땅,부산광역시 사상구 백양대로 965,129.012709,35.14891845
승승삼겹(냉정점),부산광역시 사상구 냉정로 43,128.9897651,35.17550128
옛날 수제통닭,부산광역시 사상구 새벽로 168,128.9894471,35.17372813
빅대디치킨 사상점,부산광역시 사상구 낙동대로1210번길 34,128.9882234,35.16968184
후야쿠시,부산광역시 사상구 주례로9번길 11,128.9977063,35.15428023
굽네치킨 학장점,부산광역시 사상구 대동로 147-3,128.9870465,35.18671884
주례2호점굽네치킨,부산광역시 사상구 가야대로366번길 48,128.9734045,35.12832848
호식이두마리치킨 덕포점,부산광역시 사상구 덕상로 45,128.9886776,35.17544708
B.H.C 치킨,부산광역시 사상구 덕상로 25,128.989477,35.18704151
땅땅치킨 신라대점,부산광역시 사상구 백양대로 701-1,129.0160898,35.14808786
처갓집 양념치킨 신주례점,부산광역시 사상구 백양대로500번길 1,128.98172,35.17111394
문진옥 숯불바베큐,부산광역시 사상구 사상로 471-1,128.9883723,35.1439096
썬더치킨 엄궁점,부산광역시 사상구 엄궁북로 28,128.9855438,35.15686778
미미스시&덮밥,부산광역시 사상구 백양대로 768,129.0130173,35.14811363
신모라 주꾸미,부산광역시 사상구 모라로 87,128.9878486,35.18766777
쿡푸드,부산광역시 사상구 진사로 38,128.9852727,35.1644147
김해통닭,부산광역시 사상구 사상로285번길 20-11,129.0064997,35.14732972
명지할배통닭,부산광역시 사상구 학감대로 144,129.0081353,35.1464778
닭(선보는날)날,부산광역시 사상구 새벽시장로103번길 55,128.9718535,35.12984629
맘스터치 경남정보대점,부산광역시 사상구 가야대로366번길 65,128.9850339,35.14098924
거인포차,부산광역시 사상구 사상로 484,128.9985073,35.155166
사상바보주막,부산광역시 사상구 사상로212번길 26,128.9812614,35.16492505
처갓집양념치킨주례점,부산광역시 사상구 가야대로306번길 69,128.9810447,35.17064168
지지고 동서대점,부산광역시 사상구 주례로 77,128.9818251,35.17254631
치킨신드롬,부산광역시 사상구 낙동대로776번길 7,128.9845375,35.1644297
비비큐학장점,부산광역시 사상구 학감대로123번길 67,128.9884418,35.15962045
통통맛치킨,부산광역시 사상구 백양대로494번길 29,128.9973678,35.15442724
토담참숯닭갈비,부산광역시 사상구 사상로223번길 34,128.9883108,35.18775413
옛날통닭,부산광역시 사상구 사상로285번길 28,129.0128427,35.14996296
블루스카이,부산광역시 사상구 사상로309번길 26,129.2336034,35.26557831
동래통닭(사상점),부산광역시 사상구 사상로212번길 13,129.2153782,35.24549134
맛닭꼬 사상점,부산광역시 사상구 사상로148번길 15,129.2338172,35.26517953
디디치킨 주례점,부산광역시 사상구 백양대로504번길 1,129.2146073,35.24758124
상구야 치킨피자,부산광역시 사상구 모라로 74-1,129.2435492,35.31222963
불닭발땡초동대문엽기떡볶이주례점,부산광역시 사상구 가야대로366번길 25,129.2133531,35.24231184
치킨 신드롬 일광점,부산광역시 기장군 일광읍 일광로 104,129.2147119,35.24795876
지금먹고싶다,부산광역시 기장군 기장읍 차성동로87번길 23,129.214117,35.24049243
토비야,부산광역시 기장군 일광읍 삼성2길 6,129.214358,35.24044494
개구리,부산광역시 기장군 기장읍 차성로338번길 14,129.1865327,35.32352036
처갓집양념치킨,부산광역시 기장군 장안읍 좌천로 45,129.2129514,35.24116213
문진옥숯불치킨,부산광역시 기장군 기장읍 차성로 277,129.2161623,35.2479622
비에이치씨치킨,부산광역시 기장군 기장읍 차성로344번길 14,129.2140646,35.24949758
호식이두마리치킨 기장1호점,부산광역시 기장군 기장읍 대청로35번길 49,129.1802293,35.32643943
맥시칸치킨,부산광역시 기장군 기장읍 대청로35번길 60,129.1805299,35.32064077
피자나라 치킨공주 정관점,부산광역시 기장군 정관읍 방곡5로 28-6,129.2170539,35.24292362
또래오래 기장점,부산광역시 기장군 기장읍 차성남로 44,129.1702307,35.32865494
친친반점,부산광역시 기장군 기장읍 차성로344번길 42,129.1797998,35.32639856
탕슈마미,부산광역시 기장군 기장읍 차성로 358,129.1825844,35.31974636
상문이숯불두마리치킨,부산광역시 기장군 정관읍 가동길 8-21,129.2834381,35.32922634
오븐에 꾸운 닭,부산광역시 기장군 정관읍 구연3로 3-56,129.1810337,35.32050064
처갓집치킨,부산광역시 기장군 기장읍 차성로288번길 66,129.1756324,35.3219144
처갓집양념치킨 정관롯데캐슬점,부산광역시 기장군 정관읍 정관3로 52,129.2834542,35.3267655
비에이치씨 치킨,부산광역시 기장군 정관읍 가동길 10,129.1837238,35.32096104
거기치킨,부산광역시 기장군 정관읍 구연2로 28,129.1816774,35.3216571
처갓집양념통닭,부산광역시 기장군 장안읍 길천1길 6,129.2430753,35.3121624
노랑통닭 정관점,부산광역시 기장군 정관읍 구연3로 5,129.1701897,35.33572197
무봤나촌닭 정관점,부산광역시 기장군 정관읍 정관로 563,129.1716372,35.33084962
호식이두마리치킨&호프(고리점),부산광역시 기장군 장안읍 길천길 41-1,129.18044,35.31824404
네네치킨 정관신도시점,부산광역시 기장군 정관읍 구연로 42,129.1632045,35.33953009
교촌치킨 정관1호점,부산광역시 기장군 정관읍 구연로 22,129.1702888,35.32505796
풍기통닭,부산광역시 기장군 장안읍 좌천5길 7,129.2114283,35.24512538
떡군이네 떡볶이 정관점,부산광역시 기장군 정관읍 모전2길 22,129.1848319,35.31851651
쿤달리숯불치킨,부산광역시 기장군 정관읍 용수로 108,129.1687741,35.2412368
멕시카나,부산광역시 기장군 정관읍 산단1로 124,129.2178942,35.24768337
치킨신드롬(정관점),부산광역시 기장군 정관읍 정관1로 18,129.1753587,35.3204839
땅땅치킨(정관1호점),부산광역시 기장군 정관읍 정관4로 24,129.2106592,35.23774189
영계언니,부산광역시 기장군 기장읍 읍내로 66,129.2114283,35.24512538
삼파통닭맥주,부산광역시 기장군 정관읍 산단2로 60,129.1848319,35.31851651
노닭거리,부산광역시 기장군 철마면 고촌로44번길 16,129.1687741,35.2412368
꾼닭(기장점),부산광역시 기장군 기장읍 차성동로 110-17,129.2178942,35.24768337
치킨신드롬 정관신도시점,부산광역시 기장군 정관읍 정관6로 5-20,129.1753587,35.3204839
딜라이트푸드,부산광역시 기장군 기장읍 대청로 6,129.2106592,35.23774189
